-- Inserting 40 passengers information into passengers table
--1
INSERT INTO PASSENGERS
VALUES(1234,'Swetha Kare',TO_DATE('30-09-1997', 'dd-MM-yyyy') ,'Female','Manager','721-07-4426','Y','skare@gmu.edu');
--2
INSERT INTO PASSENGERS
VALUES(1235,'Samuel Jane',TO_DATE('31-03-1997', 'dd-MM-yyyy'),'Male','Technician','721-07-4427','Y','samuel@gmu.edu');
--3
INSERT INTO PASSENGERS
VALUES(1236,'Jonathan Jane',TO_DATE('29-03-1887', 'dd-MM-yyyy'),'Male','Engineer','721-07-4488','Y','Jona@gmu.edu');
--4
INSERT INTO PASSENGERS
VALUES(1237,'James lana',TO_DATE('22-06-1867', 'dd-MM-yyyy'),'Female','Doctor','721-07-4499','Y','James@google.com');
--5
INSERT INTO PASSENGERS
VALUES(1238,'laurel sam',TO_DATE('31-03-1997', 'dd-MM-yyyy'),'Female','Event Manager','721-07-4411','Y','laurel@yahoo.com');
--6
INSERT INTO PASSENGERS
VALUES(1239,'Joel James',TO_DATE('29-03-1887', 'dd-MM-yyyy'),'Male','Engineer','721-07-4123','Y','Joel@gmu.edu');
--7
INSERT INTO PASSENGERS
VALUES(1210,'Saul Saran',TO_DATE('12-04-1887', 'dd-MM-yyyy'),'Male','Doctor','721-07-4234','Y','saul@google.com');
--8
INSERT INTO PASSENGERS
VALUES(1211,'Jacob John',TO_DATE('14-06-1999', 'dd-MM-yyyy'),'Male','Engineer','721-07-4456','Y','jacob@google.com');
--9
INSERT INTO PASSENGERS
VALUES(1212,'Zac Danny',TO_DATE('10-11-1995', 'dd-MM-yyyy'),'Male','Designer','721-07-4567','Y','zac@google.com');
--10
INSERT INTO PASSENGERS
VALUES(1213,'Effron Sam',TO_DATE('16-11-1995', 'dd-MM-yyyy'),'Male','Technician','721-07-4678','Y','effron@google.com');
--11
INSERT INTO PASSENGERS
VALUES(1214,'Jona Eli',TO_DATE('10-10-1997', 'dd-MM-yyyy'),'Female','Fashion Designer','721-07-4679','Y','jona@google.com');
--12
INSERT INTO PASSENGERS
VALUES(1215,'Kare Reema',TO_DATE('11-08-1996', 'dd-MM-yyyy'),'Female','Painter','721-07-4666','Y','kare@google.com');
--13
INSERT INTO PASSENGERS
VALUES(1216,'Pranavi Kare',TO_DATE('30-09-1998', 'dd-MM-yyyy'),'Female','Inspector','721-07-4777','Y','pranavi@google.com');
--14
INSERT INTO PASSENGERS
VALUES(1217,'Ramesh Vaddi',TO_DATE('21-03-2000', 'dd-MM-yyyy'),'Male','Tax Collector','721-07-4888','Y','ramesh@google.com');
--15
INSERT INTO PASSENGERS
VALUES(1218,'Johnson Pino',TO_DATE('24-03-1887', 'dd-MM-yyyy'),'Male','Post Man','721-07-4999','Y','johnson@google.com');
--16
INSERT INTO PASSENGERS
VALUES(1219,'Sara Lexis',TO_DATE('30-09-1998', 'dd-MM-yyyy'),'Female','House Maker','721-07-4400','Y','sara@google.com');
--17
INSERT INTO PASSENGERS
VALUES(1220,'Ali Khan',TO_DATE('30-09-1998', 'dd-MM-yyyy'),'Male','Engineer','721-07-4113','Y','ali@google.com');
--18
INSERT INTO PASSENGERS
VALUES(1221,'Khan Soma',TO_DATE('21-03-2000', 'dd-MM-yyyy'),'Female','Technician','721-07-4112','Y','khan@google.com');
--19
INSERT INTO PASSENGERS
VALUES(1222,'Aalia Roshan',TO_DATE('11-08-1996', 'dd-MM-yyyy'),'Female','Engineer','721-07-4111','Y','aalia@google.com');
--20
INSERT INTO PASSENGERS
VALUES(1223,'Aalia Bhatt',TO_DATE('24-03-1887', 'dd-MM-yyyy'),'Female','Engineer','721-07-4114','Y','aalia@google.com');
--21
INSERT INTO PASSENGERS
VALUES(1224,'Parul Nayak',TO_DATE('01-01-1995', 'dd-MM-yyyy'),'Female','Customs Lead','721-07-4115','Y','parul@google.com');
--22
INSERT INTO PASSENGERS
VALUES(1225,'Jelina John',TO_DATE('02-04-1889', 'dd-MM-yyyy'),'Female','Engineer','721-07-4116','Y','jelina@google.com');
--23
INSERT INTO PASSENGERS
VALUES(1226,'Monica Malaya',TO_DATE('31-03-1997', 'dd-MM-yyyy'),'Female','Technician','721-07-4117','Y','monica@google.com');
--24
INSERT INTO PASSENGERS
VALUES(1227,'Jessica Lee',TO_DATE('02-05-1889', 'dd-MM-yyyy'),'Female','Technician','721-07-4118','Y','jessica@yahoo.com');
--25
INSERT INTO PASSENGERS
VALUES(1228,'Prathyusha Saran',TO_DATE('02-04-1889', 'dd-MM-yyyy'),'Female','Actor','721-07-4119','Y','prathyusha@yahoo.com');
--26
INSERT INTO PASSENGERS
VALUES(1229,'Manaswi Prakash',TO_DATE('21-05-1889', 'dd-MM-yyyy'),'Female','Artist','721-07-4220','Y','manaswi@yahoo.com');
--27
INSERT INTO PASSENGERS
VALUES(1230,'Siddharth Somu',TO_DATE('26-05-1889', 'dd-MM-yyyy'),'Male','Bus Driver','721-07-4221','Y','siddharth@yahoo.com');
--28
INSERT INTO PASSENGERS
VALUES(1231,'Rama Nayak',TO_DATE('07-05-1889', 'dd-MM-yyyy'),'Male','Bus Driver','721-07-4222','Y','rama@yahoo.com');
--29
INSERT INTO PASSENGERS
VALUES(1287,'Meghana Kancherla',TO_DATE('06-04-1887', 'dd-MM-yyyy'),'Female','Mechanic','721-07-4223','Y','meghana@yahoo.com');
--30
INSERT INTO PASSENGERS
VALUES(1245,'Hemanth Sani',TO_DATE('31-05-1886', 'dd-MM-yyyy'),'Male','Bus Driver','721-07-4224','Y','hemanth@yahoo.com');
--31
INSERT INTO PASSENGERS
VALUES(1331,'Hari Krish',TO_DATE('07-06-1999', 'dd-MM-yyyy'),'Male','Mechanic','721-07-4226','Y','hari@yahoo.com');
--32
INSERT INTO PASSENGERS
VALUES(1332,'Shareef Shaik',TO_DATE('08-07-1996', 'dd-MM-yyyy'),'Male','Swim Instructor','721-07-4225','Y','shareef@yahoo.com');
--33
INSERT INTO PASSENGERS
VALUES(1334,'Issac Rick',TO_DATE('09-08-1992', 'dd-MM-yyyy'),'Male','Swim Instructor','721-07-4227','Y','issac@yahoo.com');
--34
INSERT INTO PASSENGERS
VALUES(1335,'Domnica Jane',TO_DATE('16-09-1995', 'dd-MM-yyyy'),'Female','Teacher','721-07-4228','Y','domnica@yahoo.com');
--35
INSERT INTO PASSENGERS
VALUES(1336,'Lee Fei',TO_DATE('12-10-1994', 'dd-MM-yyyy'),'Female','Professor','721-07-4229','Y','lee@gmu.edu');
--36
INSERT INTO PASSENGERS
VALUES(1337,'Fei Lee',TO_DATE('15-11-1998', 'dd-MM-yyyy'),'Male','Swim Instructor','721-07-4331','Y','fei@gmu.edu');
--37
INSERT INTO PASSENGERS
VALUES(1338,'Ana Nazo',TO_DATE('21-12-1995', 'dd-MM-yyyy'),'Female','Teacher','721-07-4334','Y','ana@gmu.edu');
--38
INSERT INTO PASSENGERS
VALUES(1339,'lorentzo Sam',TO_DATE('15-03-2000', 'dd-MM-yyyy'),'Male','Software Engineer','721-07-4554','Y','lorentzo@gmu.edu');
--39
INSERT INTO PASSENGERS
VALUES(1440,'gonzliz Lore',TO_DATE('13-04-2001', 'dd-MM-yyyy'),'Female','Professor','721-07-4532','Y','gonzliz@gmu.edu');
--40
INSERT INTO PASSENGERS
VALUES(1556,'Wassim Itani',TO_DATE('28-05-1996', 'dd-MM-yyyy'),'Male','Professor','721-07-4568','Y','itani@gmu.edu');


--INSERTING DATA INTO ADDRESSES
--1
INSERT INTO addresses
VALUES(1234,'9451 Lee Hwy','1003' ,'Fairfax','Virginia','22031');
--2
INSERT INTO addresses
VALUES(1235,'9456 Lee Hwy','1004' ,'Ashburn','Virginia','22031');
--3
INSERT INTO addresses
VALUES(1236,'9457 Lee Hwy','1005' ,'Ashburn','Virginia','22031');
--4
INSERT INTO addresses
VALUES(1237,'9458 Lee Hwy','1006' ,'Ashburn','Virginia','22031');
--5
INSERT INTO addresses
VALUES(1238,'9459 Lee Hwy','1007' ,'Ashburn','Virginia','22031');
--6
INSERT INTO addresses
VALUES(1239,'9460 Lee Hwy','1008' ,'Fairfax','Virginia','22031');
--7
INSERT INTO addresses
VALUES(1210,'9461 Lee Hwy','1009' ,'Fairfax','Virginia','22031');
--8
INSERT INTO addresses
VALUES(1211,'9462 Lee Hwy','1010' ,'Ashburn','Virginia','22031');
--9
INSERT INTO addresses
VALUES(1212,'9463 Lee Hwy','1011' ,'Arlington','Virginia','22031');
--10
INSERT INTO addresses
VALUES(1213,'9464 Lee Hwy','1012' ,'Arlington','Virginia','22031');
--11
INSERT INTO addresses
VALUES(1214,'9465 Lee Hwy','1013' ,'Arlington','Virginia','22031');
--12
INSERT INTO addresses
VALUES(1215,'9466 Lee Hwy','1014' ,'Arlington','Virginia','22031');
--13
INSERT INTO addresses
VALUES(1216,'9467 Lee Hwy','1015' ,'Fairfax','Virginia','22031');
--14
INSERT INTO addresses
VALUES(1217,'9468 Lee Hwy','1002' ,'Fairfax','Virginia','22031');
--15
INSERT INTO addresses
VALUES(1218,'9469 Lee Hwy','1016' ,'Fairfax','Virginia','22031');
--16
INSERT INTO addresses
VALUES(1219,'9470 Lee Hwy','1017' ,'Arlington','Virginia','22031');
--17
INSERT INTO addresses
VALUES(1220,'9471 Lee Hwy','1018' ,'Fairfax','Virginia','22031');
--18
INSERT INTO addresses
VALUES(1221,'9472 Lee Hwy','1019' ,'Fairfax','Virginia','22031');
--19
INSERT INTO addresses
VALUES(1222,'9473 Lee Hwy','1020' ,'Fairfax','Virginia','22031');
--20
INSERT INTO addresses
VALUES(1223,'9474 Lee Hwy','1021' ,'Fairfax','Virginia','22031');
--21
INSERT INTO addresses
VALUES(1224,'9475 Lee Hwy','1022' ,'Fairfax','Virginia','22031');
--22
INSERT INTO addresses
VALUES(1225,'9476 Lee Hwy','1023' ,'Fairfax','Virginia','22031');
--23
INSERT INTO addresses
VALUES(1226,'9477 Lee Hwy','1024' ,'Fairfax','Virginia','22031');
--24
INSERT INTO addresses
VALUES(1227,'9478 Lee Hwy','1025' ,'Fairfax','Virginia','22031');
--25
INSERT INTO addresses
VALUES(1228,'9479 Lee Hwy','1026' ,'Fairfax','Virginia','22031');
--26
INSERT INTO addresses
VALUES(1229,'9480 Lee Hwy','1027' ,'Fairfax','Virginia','22031');
--27
INSERT INTO addresses
VALUES(1230,'9481 Lee Hwy','1028' ,'Fairfax','Virginia','22031');
--28
INSERT INTO addresses
VALUES(1231,'9482 Lee Hwy','1029' ,'Fairfax','Virginia','22031');
--29
INSERT INTO addresses
VALUES(1287,'9483 Lee Hwy','1030' ,'Fairfax','Virginia','22031');
--30
INSERT INTO addresses
VALUES(1245,'9484 Lee Hwy','1031' ,'Fairfax','Virginia','22031');
--31
INSERT INTO addresses
VALUES(1331,'9485 Lee Hwy','1032' ,'Fairfax','Virginia','22031');
--32
INSERT INTO addresses
VALUES(1332,'9486 Lee Hwy','1033' ,'Fairfax','Virginia','22031');
--33
INSERT INTO addresses
VALUES(1334,'9487 Lee Hwy','1034' ,'Fairfax','Virginia','22031');
--34
INSERT INTO addresses
VALUES(1335,'9488 Lee Hwy','1035' ,'Fairfax','Virginia','22031');
--35
INSERT INTO addresses
VALUES(1336,'9489 Lee Hwy','1036' ,'Fairfax','Virginia','22031');
--36
INSERT INTO addresses
VALUES(1337,'9490 Lee Hwy','1037' ,'Fairfax','Virginia','22031');
--37
INSERT INTO addresses
VALUES(1338,'9491 Lee Hwy','1038' ,'Fairfax','Virginia','22031');
--38
INSERT INTO addresses
VALUES(1339,'9492 Lee Hwy','1039' ,'Fairfax','Virginia','22031');
--39
INSERT INTO addresses
VALUES(1440,'9493 Lee Hwy','1040' ,'Fairfax','Virginia','22031');
--40
INSERT INTO addresses
VALUES(1556,'9433 Lee Hwy','1066' ,'Fairfax','Virginia','22031');
--41
INSERT INTO addresses
VALUES(1337,'9434 Lee Hwy','1061' ,'Fairfax','Virginia','22031');
--42
INSERT INTO addresses
VALUES(1338,'9435 Lee Hwy','1062' ,'Fairfax','Virginia','22031');
--43
INSERT INTO addresses
VALUES(1339,'9436 Lee Hwy','1063' ,'Fairfax','Virginia','22031');
--44
INSERT INTO addresses
VALUES(1440,'9437 Lee Hwy','1064' ,'Fairfax','Virginia','22031');
--45
INSERT INTO addresses
VALUES(1556,'9438 Lee Hwy','1065' ,'Fairfax','Virginia','22031');


--Inserting 45 Phonenumbers into phones for the passengers.
--1
INSERT INTO phones
VALUES(1234,'+1 571-356-6739','cell');
--2
INSERT INTO phones
VALUES(1235,'+1 571-356-6777','home');
--3
INSERT INTO phones
VALUES(1236,'+1 371-356-6732','work');
--4
INSERT INTO phones
VALUES(1237,'+1 571-356-3345','cell');
--5
INSERT INTO phones
VALUES(1238,'+1 571-356-3333','home');
--6
INSERT INTO phones
VALUES(1239,'+1 571-356-4444','work');
--7
INSERT INTO phones
VALUES(1210,'+1 571-356-5555','cell');
--8
INSERT INTO phones
VALUES(1211,'+1 571-356-6666','home');
--9
INSERT INTO phones
VALUES(1212,'+1 571-356-7777','work');
--10
INSERT INTO phones
VALUES(1213,'+1 571-356-8888','cell');
--11
INSERT INTO phones
VALUES(1214,'+1 571-356-9999','home' );
--12
INSERT INTO phones
VALUES(1215,'+1 571-356-8765','work');
--13
INSERT INTO phones
VALUES(1216,'+1 571-356-5463','cell');
--14
INSERT INTO phones
VALUES(1217,'+1 571-356-1234','home');
--15
INSERT INTO phones
VALUES(1218,'+1 571-356-1246','work');
--16
INSERT INTO phones
VALUES(1219,'+1 571-356-1564','cell');
--17
INSERT INTO phones
VALUES(1220,'+1 571-356-6532','home');
--18
INSERT INTO phones
VALUES(1221,'+1 571-356-6321','work');
--19
INSERT INTO phones
VALUES(1222,'+1 571-356-9087','cell');
--20
INSERT INTO phones
VALUES(1223,'+1 571-356-1278','home');
--21
INSERT INTO phones
VALUES(1224,'+1 571-356-6739','work');
--22
INSERT INTO phones
VALUES(1225,'+1 571-356-4267','cell');
--23
INSERT INTO phones
VALUES(1226,'+1 571-356-4521','home');
--24
INSERT INTO phones
VALUES(1227,'+1 571-356-6742','work');
--25
INSERT INTO phones
VALUES(1228,'+1 571-356-7923','cell');
--26
INSERT INTO phones
VALUES(1229,'+1 571-356-2463','home');
--27
INSERT INTO phones
VALUES(1230,'+1 571-356-3173','work');
--28
INSERT INTO phones
VALUES(1231,'+1 571-356-7993','cell');
--29
INSERT INTO phones
VALUES(1287,'+1 571-356-5562','cell');
--30
INSERT INTO phones
VALUES(1245,'+1 571-356-6219','cell');
--31
INSERT INTO phones
VALUES(1331,'+1 571-356-6358','home');
--32
INSERT INTO phones
VALUES(1332,'+1 571-356-9732','home' );
--33
INSERT INTO phones
VALUES(1334,'+1 571-356-7812','home');
--34
INSERT INTO phones
VALUES(1335,'+1 571-356-9821','work' );
--35
INSERT INTO phones
VALUES(1336,'+1 571-356-7891','work' );
--36
INSERT INTO phones
VALUES(1337,'+1 571-356-3456','cell');
--37
INSERT INTO phones
VALUES(1338,'+1 571-356-4567','cell');
--38
INSERT INTO phones
VALUES(1339,'+1 571-356-5678','home');
--39
INSERT INTO phones
VALUES(1440,'+1 571-356-6789','home');
--40
INSERT INTO phones
VALUES(1556,'+1 571-356-7890','work');
--41
INSERT INTO phones
VALUES(1337,'+1 571-356-2314','work');
--42
INSERT INTO phones
VALUES(1338,'+1 571-356-2891','work');
--43
INSERT INTO phones
VALUES(1339,'+1 571-356-4236','cell');
--44
INSERT INTO phones
VALUES(1440,'+1 571-356-7812','home');
--45
INSERT INTO phones
VALUES(1556,'+1 571-356-9213','work');
--46
INSERT INTO phones
VALUES(1556,'+1 571-356-9876','work');
--47
INSERT INTO phones
VALUES(1336,'+1 571-356-4311','work');



--INSERTING THE DATA INTO LOGIN 
--1
INSERT INTO login
VALUES(1234,'user1','user@01');
--2
INSERT INTO login
VALUES(1235,'user2','user@02');
--3
INSERT INTO login
VALUES(1236,'user3','user@03');
--4
INSERT INTO login
VALUES(1237,'user4','user@04');
--5
INSERT INTO login
VALUES(1238,'user5','user@05');
--6
INSERT INTO login
VALUES(1239,'user6','user@06');
--7
INSERT INTO login
VALUES(1210,'user7','user@07');
--8
INSERT INTO login
VALUES(1211,'user8','user@08');
--9
INSERT INTO login
VALUES(1212,'user9','user@09');
--10
INSERT INTO login
VALUES(1213,'user10','user@10');
--11
INSERT INTO login
VALUES(1214,'user11','user@11' );
--12
INSERT INTO login
VALUES(1215,'user12','user@12');
--13
INSERT INTO login
VALUES(1216,'user13','user@13');
--14
INSERT INTO login
VALUES(1217,'user14','user@14');
--15
INSERT INTO login
VALUES(1218,'user15','user@15');
--16
INSERT INTO login
VALUES(1219,'user16','user@16');
--17
INSERT INTO login
VALUES(1220,'user17','user@17');
--18
INSERT INTO login
VALUES(1221,'user18','user@18');
--19
INSERT INTO login
VALUES(1222,'user19','user@19');
--20
INSERT INTO login
VALUES(1223,'user20','user@20');
--21
INSERT INTO login
VALUES(1224,'user21','user@21');
--22
INSERT INTO login
VALUES(1225,'user22','user@22');
--23
INSERT INTO login
VALUES(1226,'user23','user@23');
--24
INSERT INTO login
VALUES(1227,'user24','user@24');
--25
INSERT INTO login
VALUES(1228,'user25','user@25');
--26
INSERT INTO login
VALUES(1229,'user26','user@26');
--27
INSERT INTO login
VALUES(1230,'user27','user@27');
--28
INSERT INTO login
VALUES(1231,'user28','user@28');
--29
INSERT INTO login
VALUES(1287,'user29','user@29');
--30
INSERT INTO login
VALUES(1245,'user30','user@30');
--31
INSERT INTO login
VALUES(1331,'user31','user@31');
--32
INSERT INTO login
VALUES(1332,'user32','user@32' );
--33
INSERT INTO login
VALUES(1334,'user33','user@33');
--34
INSERT INTO login
VALUES(1335,'user34','user@34' );
--35
INSERT INTO login
VALUES(1336,'user35','user@35' );
--36
INSERT INTO login
VALUES(1337,'user36','user@36');
--37
INSERT INTO login
VALUES(1338,'user37','user@37');
--38
INSERT INTO login
VALUES(1339,'user38','user@38');
--39
INSERT INTO login
VALUES(1440,'user39','user@39');
--40
INSERT INTO login
VALUES(1556,'user40','user@40');

--INSERTING DATA INTO CARDS
--1 
INSERT INTO cards
VALUES ('670370371210',TO_DATE('2028-01-01', 'yyyy-MM-dd'),'Y',TO_DATE('2023-03-01', 'yyyy-MM-dd'),1210);
--2
INSERT INTO cards
VALUES ('670370371211',TO_DATE( '2026-02-01','yyyy-MM-dd'),'Y',TO_DATE('2022-02-01','yyyy-MM-dd'),1211);
--3
INSERT INTO cards
VALUES ('670370371212',TO_DATE( '2026-03-02','yyyy-MM-dd'),'Y',TO_DATE('2022-03-02','yyyy-MM-dd'),1212);
--4
INSERT INTO cards
VALUES ('670370371213', TO_DATE('2026-04-01', 'yyyy-MM-dd'),'Y',TO_DATE( '2021-04-01','yyyy-MM-dd'),1213);
--5
INSERT INTO cards
VALUES ('670370371214', TO_DATE('2026-04-03', 'yyyy-MM-dd'),'Y',TO_DATE( '2021-04-03','yyyy-MM-dd'),1214);
--6
INSERT INTO cards
VALUES ('670370371215', TO_DATE('2026-05-06','yyyy-MM-dd'),'Y',TO_DATE('2021-05-06','yyyy-MM-dd'),1215);
--7
INSERT INTO cards
VALUES ('670370371216',TO_DATE( '2026-01-09','yyyy-MM-dd'),'Y',TO_DATE('2022-01-09','yyyy-MM-dd'),1216);
--8
INSERT INTO cards
VALUES ('670370371217',TO_DATE('2026-08-01','yyyy-MM-dd'),'Y',TO_DATE( '2022-08-01','yyyy-MM-dd'),1217);
--9
INSERT INTO cards
VALUES ('670370371218',TO_DATE( '2026-05-10','yyyy-MM-dd'),'Y',TO_DATE( '2021-05-10','yyyy-MM-dd'),1218);
--10
INSERT INTO cards
VALUES ('670370371219',TO_DATE( '2026-05-15','yyyy-MM-dd'),'Y', TO_DATE('2021-05-15','yyyy-MM-dd'),1219);
--11
INSERT INTO cards
VALUES ('670370371220',TO_DATE ('2026-05-12','yyyy-MM-dd'),'Y',TO_DATE( '2022-05-12','yyyy-MM-dd'),1220);
--12
INSERT INTO cards
VALUES ('670370371221',TO_DATE ('2026-04-10','yyyy-MM-dd'),'Y',TO_DATE( '2021-04-10','yyyy-MM-dd'),1221);
--13
INSERT INTO cards
VALUES ('670370371222', TO_DATE ('2026-07-20','yyyy-MM-dd'),'Y',TO_DATE( '2022-07-20','yyyy-MM-dd'),1222);
--14
INSERT INTO cards
VALUES ('670370371223', TO_DATE ('2026-05-10','yyyy-MM-dd'),'Y', TO_DATE( '2021-05-10','yyyy-MM-dd'),1223);
--15
INSERT INTO cards
VALUES ('670370371224', TO_DATE ('2026-02-10','yyyy-MM-dd'),'Y', TO_DATE('2021-02-10','yyyy-MM-dd'),1224);
--16
INSERT INTO cards
VALUES ('670370371225', TO_DATE('2026-01-20', 'yyyy-MM-dd'),'Y',TO_DATE ('2021-01-20','yyyy-MM-dd'),1225);
--17
INSERT INTO cards
VALUES ('670370371226',TO_DATE( '2026-11-10','yyyy-MM-dd'),'Y',TO_DATE( '2022-11-10','yyyy-MM-dd'),1226);
--18
INSERT INTO cards
VALUES ('670370371227', TO_DATE('2026-02-10','yyyy-MM-dd'),'Y', TO_DATE('2022-02-10','yyyy-MM-dd'),1227);
--19
INSERT INTO cards
VALUES ('670370371228',TO_DATE( '2026-01-17','yyyy-MM-dd'),'Y',TO_DATE( '2022-01-17','yyyy-MM-dd'),1228);
--20
INSERT INTO cards
VALUES ('670370371229', TO_DATE('2026-01-17', 'yyyy-MM-dd'),'Y',TO_DATE('2022-01-17','yyyy-MM-dd'),1229);
--21
INSERT INTO cards
VALUES ('670370371230',TO_DATE( '2026-01-12', 'yyyy-MM-dd'),'Y',TO_DATE( '2021-12-12','yyyy-MM-dd'),1230);
--22
INSERT INTO cards
VALUES ('670370371231', TO_DATE('2026-01-17','yyyy-MM-dd'),'Y',TO_DATE('2021-01-17','yyyy-MM-dd'),1231);
--23
INSERT INTO cards
VALUES ('670370371234',TO_DATE( '2026-03-13', 'yyyy-MM-dd'),'Y',TO_DATE ('2022-03-13','yyyy-MM-dd'),1234);
--24
INSERT INTO cards
VALUES ('670370371235',TO_DATE( '2026-03-28','yyyy-MM-dd'),'Y',TO_DATE( '2022-03-28','yyyy-MM-dd'),1235);
--25
INSERT INTO cards
VALUES ('670370371236',TO_DATE( '2026-10-16','yyyy-MM-dd'),'Y',TO_DATE('2022-03-16','yyyy-MM-dd'),1236);
--26
INSERT INTO cards
VALUES ('670370371237', TO_DATE('2026-04-13','yyyy-MM-dd'),'Y',TO_DATE( '2021-03-13','yyyy-MM-dd'),1237);
--27
INSERT INTO cards
VALUES ('670370371238',TO_DATE ('2026-05-30', 'yyyy-MM-dd'),'Y',TO_DATE('2020-03-30','yyyy-MM-dd'),1238);
--28
INSERT INTO cards
VALUES ('670370371239', TO_DATE('2026-06-24', 'yyyy-MM-dd'),'Y',TO_DATE ('2020-04-24','yyyy-MM-dd'),'1230');
--29
INSERT INTO cards
VALUES ('670370371245', TO_DATE('2026-08-30','yyyy-MM-dd'),'Y', TO_DATE('2020-04-30','yyyy-MM-dd'),1245);
--30
INSERT INTO cards
VALUES ('670370371287',TO_DATE('2026-05-27','yyyy-MM-dd'),'Y', TO_DATE('2020-04-27','yyyy-MM-dd'),1287);
--31
INSERT INTO cards
VALUES ('670370371331',TO_DATE( '2026-05-30','yyyy-MM-dd'),'Y', TO_DATE( '2021-03-30','yyyy-MM-dd'),1331);
--32
INSERT INTO cards
VALUES ('670370371332', TO_DATE('2026-02-14','yyyy-MM-dd'),'Y',TO_DATE( '2021-03-14','yyyy-MM-dd'),1332);
--33
INSERT INTO cards
VALUES ('670370371334', TO_DATE('2026-09-25', 'yyyy-MM-dd'),'Y', TO_DATE('2022-03-25','yyyy-MM-dd'),1334);
--34
INSERT INTO cards
VALUES ('670370371335', TO_DATE('2026-03-17','yyyy-MM-dd'),'Y',TO_DATE( '2022-04-17','yyyy-MM-dd'),1335);
--35
INSERT INTO cards
VALUES ('670370371336',TO_DATE('2026-06-07', 'yyyy-MM-dd'),'Y',TO_DATE( '2021-04-07','yyyy-MM-dd'),1336);
--36
INSERT INTO cards
VALUES ('670370371337',TO_DATE('2026-07-08','yyyy-MM-dd'),'Y',TO_DATE( '2021-04-08','yyyy-MM-dd'),1337);
--37
INSERT INTO cards
VALUES ('670370371338',TO_DATE ('2026-04-09', 'yyyy-MM-dd'),'Y',TO_DATE('2022-04-09','yyyy-MM-dd'),1338);
--38
INSERT INTO cards
VALUES ('670370371339',TO_DATE('2026-01-21','yyyy-MM-dd'),'Y',TO_DATE( '2022-03-21','yyyy-MM-dd'),1339);
--39
INSERT INTO cards
VALUES ('670370371440',TO_DATE('2026-11-11','yyyy-MM-dd'),'Y',TO_DATE('2022-03-11','yyyy-MM-dd'),1440);
--40
INSERT INTO cards
VALUES ('670370371556',TO_DATE('2026-08-18','yyyy-MM-dd'),'Y',TO_DATE('2023-01-24','yyyy-MM-dd'),1556);
--41
INSERT INTO cards
VALUES ('6703703611556',TO_DATE('2023-01-01','yyyy-MM-dd'),'N',TO_DATE('2019-12-31','yyyy-MM-dd'),1556);
--42
INSERT INTO cards
VALUES ('6703703621556',TO_DATE('2019-11-30','yyyy-MM-dd'),'N',TO_DATE('2015-11-01','yyyy-MM-dd'),1556);
--43
INSERT INTO cards
VALUES ('6703703631440',TO_DATE('2025-11-11','yyyy-MM-dd'),'N',TO_DATE('2021-03-11','yyyy-MM-dd'),1440);
--44
INSERT INTO cards
VALUES ('6703703641335', TO_DATE('2025-11-18','yyyy-MM-dd'),'N',TO_DATE('2022-11-17','yyyy-MM-dd'),1335);
--45
INSERT INTO cards
VALUES ('6703703651336',TO_DATE('2025-06-12', 'yyyy-MM-dd'),'N',TO_DATE('2021-09-07','yyyy-MM-dd'),1336);
--46
INSERT INTO cards
VALUES ('6703703661210',TO_DATE('2019-01-01', 'yyyy-MM-dd'),'N',TO_DATE('2015-01-01', 'yyyy-MM-dd'),1210);
--47
INSERT INTO cards
VALUES ('6703703671210',TO_DATE('2023-04-30', 'yyyy-MM-dd'),'N',TO_DATE('2019-04-29', 'yyyy-MM-dd'),1210);
--48
INSERT INTO cards
VALUES ('6703703681210',TO_DATE('2025-01-01', 'yyyy-MM-dd'),'N',TO_DATE('2023-05-24', 'yyyy-MM-dd'),1210);

--INSERTING DATA INTO EXCHGCENTERS TABLE
--1
INSERT INTO EXCHGCENTERS (CENTER_ID, CENTER_NAME, C_LOCATION)
VALUES ('1001', 'Air India Airlines Exchange Center', 'Mumbai, India');
--2
INSERT INTO EXCHGCENTERS
VALUES ('1002', 'United Airlines Exchange Center', 'San Francisco, USA');
--3
INSERT INTO EXCHGCENTERS
VALUES ('1003', 'EgyptAir Airlines Exchange Center', 'Cairo, Egypt');
--4
INSERT INTO EXCHGCENTERS
VALUES ('1004', 'British Airlines Exchange Center', 'Paris, France');
--5
INSERT INTO EXCHGCENTERS
VALUES ('1005', 'LATAM Airlines Exchange Center', 'Rio de Janeiro, Brazil');

--INSERTING INTO PROMOTIONS
--1
INSERT INTO PROMOTIONS
VALUES ('P111', '10', 'April 2023', 'Get 15% off on all bookings made in April 2023.');
--2
INSERT INTO PROMOTIONS
VALUES ('P112', '12', 'July 2023', 'Get a free checked baggage on all flights in July 2023');
--3
INSERT INTO PROMOTIONS
VALUES ('P113', '15', 'October 2023', 'Get a free cabin bag with every ticket purchase');
--4
INSERT INTO PROMOTIONS
VALUES ('P114', '20', 'August 2023', 'Earn double loyalty points on all purchases');
--5
INSERT INTO PROMOTIONS
VALUES  ('P115', '21', 'May 2023', 'Limited-time sale on selected packages');
--6
INSERT INTO PROMOTIONS
VALUES  ('P116', '10', 'September 2023', 'Buy one way and get free return ticket on selected items');
--7
INSERT INTO PROMOTIONS
VALUES   ('P117', '30', 'December 2026', '20% off on all flights for students');
--8
INSERT INTO PROMOTIONS
VALUES  ('P118', '10', 'January 2024', 'Earn 7000 bonus miles for every round-trip flight till January 2024');
--9
INSERT INTO PROMOTIONS
VALUES  ('P119', '15', 'Jan 2024', 'Book a holiday package and get a free hotel stay');
--10
INSERT INTO PROMOTIONS
VALUES ('P120', '10', 'December 2023', 'Free upgrade to business class on international flights');

--INSERTING DATA INTO AWARDS TABLE
--1
INSERT INTO awards
VALUES (1011, 25000, 'Free upgrade Voucher');
--2
INSERT INTO awards
VALUES (1012 ,60000, 'Upgrade to elite status');
--3
INSERT INTO awards
VALUES (1013, 80000,'Upgrade to business class');
--4
INSERT INTO awards
VALUES (1014, 110000,'Upgrade to first class');
--5
INSERT INTO awards
VALUES (1015 , 15000,'Access to airport lounge');
--6
INSERT INTO awards
VALUES (1016,8000, 'Free in-flight meal');
--7
INSERT INTO awards
VALUES (1017,20000, 'Fast track security clearance');
--8
INSERT INTO awards
VALUES (1018,700000, 'Complimentary flight ticket');
--9
INSERT INTO awards
VALUES (1019, 15000,'550 Airline gift card');
--10
INSERT INTO awards
VALUES (1020,20000, 'Free airport transfer');
--11
INSERT INTO awards
VALUES (1021, 75000,'Upgrade to premium economy');
--12
INSERT INTO awards
VALUES (1022,25000,'Free travel insurance');
--13
INSERT INTO awards
VALUES (1023,15000, 'Extra allowance for luggage');
--14
INSERT INTO awards
VALUES (1024,9000 ,'To board the plane before others in emergency situation');
--15
INSERT INTO awards
VALUES (1025,15000, 'Frequent flyer program ');

--INSERTING DATA INTO Point_Accounts TABLE
--1
INSERT INTO Point_Accounts VALUES('POINTXACC1210',10500,1210);
--2
INSERT INTO Point_Accounts VALUES('POINTXACC1211',9678,1211);
--3
INSERT INTO Point_Accounts VALUES('POINTXACC1212',10344,1212);
--4
INSERT INTO Point_Accounts VALUES('POINTXACC1213',15675,1213);
--5
INSERT INTO Point_Accounts VALUES('POINTXACC1214',12378,1214);
--6
INSERT INTO Point_Accounts VALUES('POINTXACC1215',18557,1215);
--7
INSERT INTO Point_Accounts VALUES('POINTXACC1216',7967,1216);
--8
INSERT INTO Point_Accounts VALUES('POINTXACC1217',8448,1217);
--9
INSERT INTO Point_Accounts VALUES('POINTXACC1218',10540,1218);
--10
INSERT INTO Point_Accounts VALUES('POINTXACC1219',12460,1219);
--11
INSERT INTO Point_Accounts VALUES('POINTXACC1220',9010,1220);
--12
INSERT INTO Point_Accounts VALUES('POINTXACC1221',9560,1221);
--13
INSERT INTO Point_Accounts VALUES('POINTXACC1222',19809,1222);
--14
INSERT INTO Point_Accounts VALUES('POINTXACC1223',12654,1223);
--15
INSERT INTO Point_Accounts VALUES('POINTXACC1224',13955,1224);
--16
INSERT INTO Point_Accounts VALUES('POINTXACC1225',17896,1225);
--17
INSERT INTO Point_Accounts VALUES('POINTXACC1226',10502,1226);
--18
INSERT INTO Point_Accounts VALUES('POINTXACC1227',20678,1227);
--19
INSERT INTO Point_Accounts VALUES('POINTXACC1228',34788,1228);
--20
INSERT INTO Point_Accounts VALUES('POINTXACC1229',29607,1229);
--21
INSERT INTO Point_Accounts VALUES('POINTXACC1230',15650,1230);
--22
INSERT INTO Point_Accounts VALUES('POINTXACC1231',14230,1231);
--23
INSERT INTO Point_Accounts VALUES('POINTXACC1234',14670,1234);
--24
INSERT INTO Point_Accounts VALUES('POINTXACC1235',18907,1235);
--25
INSERT INTO Point_Accounts VALUES('POINTXACC1236',10674,1236);
--26
INSERT INTO Point_Accounts VALUES('POINTXACC1237',13573,1237);
--27
INSERT INTO Point_Accounts VALUES('POINTXACC1238',12856,1238);
--28
INSERT INTO Point_Accounts VALUES('POINTXACC1239',19076,1239);
--29
INSERT INTO Point_Accounts VALUES('POINTXACC1245',23460,1245);
--30
INSERT INTO Point_Accounts VALUES('POINTXACC1287',13678,1287);
--31
INSERT INTO Point_Accounts VALUES('POINTXACC1331',9888,1331);
--32
INSERT INTO Point_Accounts VALUES('POINTXACC1332',8908,1332);
--33
INSERT INTO Point_Accounts VALUES('POINTXACC1334',17860,1334);
--34
INSERT INTO Point_Accounts VALUES('POINTXACC1335',16780,1335);
--35
INSERT INTO Point_Accounts VALUES('POINTXACC1336',14660,1336);
--36
INSERT INTO Point_Accounts VALUES('POINTXACC1337',10570,1337);
--37
INSERT INTO Point_Accounts VALUES('POINTXACC1338',19990,1338);
--38
INSERT INTO Point_Accounts VALUES('POINTXACC1339',14670,1339);
--39
INSERT INTO Point_Accounts VALUES('POINTXACC1440',37000,1440);
--40
INSERT INTO Point_Accounts VALUES('POINTXACC1556',10546,1556);

--INSERTING DATA INTO Empl_Incentives TABLE
--1
INSERT INTO Empl_Incentives VALUES('EMPXINCEN1210',1210);
--2
INSERT INTO Empl_Incentives VALUES('EMPXINCEN1211',1211);
--3
INSERT INTO Empl_Incentives VALUES('EMPXINCEN1212',1212);
--4
INSERT INTO Empl_Incentives VALUES('EMPXINCEN1213',1213);
--5
INSERT INTO Empl_Incentives VALUES('EMPXINCEN1214',1214);
--6
INSERT INTO Empl_Incentives VALUES('EMPXINCEN1215',1215);
--7
INSERT INTO Empl_Incentives VALUES('EMPXINCEN1216',1216);
--8
INSERT INTO Empl_Incentives VALUES('EMPXINCEN1217',1217);
--9
INSERT INTO Empl_Incentives VALUES('EMPXINCEN1218',1218);
--10
INSERT INTO Empl_Incentives VALUES('EMPXINCEN1219',1219);
--11
INSERT INTO Empl_Incentives VALUES('EMPXINCEN1220',1220);
--12
INSERT INTO Empl_Incentives VALUES('EMPXINCEN1221',1221);
--13
INSERT INTO Empl_Incentives VALUES('EMPXINCEN1222',1222);
--14
INSERT INTO Empl_Incentives VALUES('EMPXINCEN1223',1223);
--15
INSERT INTO Empl_Incentives VALUES('EMPXINCEN1224',1224);
--16
INSERT INTO Empl_Incentives VALUES('EMPXINCEN1225',1225);
--17
INSERT INTO Empl_Incentives VALUES('EMPXINCEN1226',1226);
--18
INSERT INTO Empl_Incentives VALUES('EMPXINCEN1227',1227);
--19
INSERT INTO Empl_Incentives VALUES('EMPXINCEN1228',1228);
--20
INSERT INTO Empl_Incentives VALUES('EMPXINCEN1229',1229);
--21
INSERT INTO Empl_Incentives VALUES('EMPXINCEN1230',1230);
--22
INSERT INTO Empl_Incentives VALUES('EMPXINCEN1231',1231);
--23
INSERT INTO Empl_Incentives VALUES('EMPXINCEN1234',1234);
--24
INSERT INTO Empl_Incentives VALUES('EMPXINCEN1235',1235);
--25
INSERT INTO Empl_Incentives VALUES('EMPXINCEN1236',1236);
--26
INSERT INTO Empl_Incentives VALUES('EMPXINCEN1237',1237);
--27
INSERT INTO Empl_Incentives VALUES('EMPXINCEN1238',1238);
--28
INSERT INTO Empl_Incentives VALUES('EMPXINCEN1239',1239);
--29
INSERT INTO Empl_Incentives VALUES('EMPXINCEN1245',1245);
--30
INSERT INTO Empl_Incentives VALUES('EMPXINCEN1287',1287);
--31
INSERT INTO Empl_Incentives VALUES('EMPXINCEN1331',1331);
--32
INSERT INTO Empl_Incentives VALUES('EMPXINCEN1332',1332);
--33
INSERT INTO Empl_Incentives VALUES('EMPXINCEN1334',1334);
--34
INSERT INTO Empl_Incentives VALUES('EMPXINCEN1335',1335);
--35
INSERT INTO Empl_Incentives VALUES('EMPXINCEN1336',1336);
--36
INSERT INTO Empl_Incentives VALUES('EMPXINCEN1337',1337);
--37
INSERT INTO Empl_Incentives VALUES('EMPXINCEN1338',1338);
--38
INSERT INTO Empl_Incentives VALUES('EMPXINCEN1339',1339);
--39
INSERT INTO Empl_Incentives VALUES('EMPXINCEN1440',1440);
--40
INSERT INTO Empl_Incentives VALUES('EMPXINCEN1556',1556);


--INSERTING DATA INTO Empl_Referrals TABLE
--1
INSERT INTO Empl_Referrals VALUES('EMPXREFER1210',1210);
--2
INSERT INTO Empl_Referrals VALUES('EMPXREFER1211',1211);
--3
INSERT INTO Empl_Referrals VALUES('EMPXREFER1212',1212);
--4
INSERT INTO Empl_Referrals VALUES('EMPXREFER1213',1213);
--5
INSERT INTO Empl_Referrals VALUES('EMPXREFER1214',1214);
--6
INSERT INTO Empl_Referrals VALUES('EMPXREFER1215',1215);
--7
INSERT INTO Empl_Referrals VALUES('EMPXREFER1216',1216);
--8
INSERT INTO Empl_Referrals VALUES('EMPXREFER1217',1217);
--9
INSERT INTO Empl_Referrals VALUES('EMPXREFER1218',1218);
--10
INSERT INTO Empl_Referrals VALUES('EMPXREFER1219',1219);
--11
INSERT INTO Empl_Referrals VALUES('EMPXREFER1220',1220);
--12
INSERT INTO Empl_Referrals VALUES('EMPXREFER1221',1221);
--13
INSERT INTO Empl_Referrals VALUES('EMPXREFER1222',1222);
--14
INSERT INTO Empl_Referrals VALUES('EMPXREFER1223',1223);
--15
INSERT INTO Empl_Referrals VALUES('EMPXREFER1224',1224);
--16
INSERT INTO Empl_Referrals VALUES('EMPXREFER1225',1225);
--17
INSERT INTO Empl_Referrals VALUES('EMPXREFER1226',1226);
--18
INSERT INTO Empl_Referrals VALUES('EMPXREFER1227',1227);
--19
INSERT INTO Empl_Referrals VALUES('EMPXREFER1228',1228);
--20
INSERT INTO Empl_Referrals VALUES('EMPXREFER1229',1229);
--21
INSERT INTO Empl_Referrals VALUES('EMPXREFER1230',1230);
--22
INSERT INTO Empl_Referrals VALUES('EMPXREFER1231',1231);
--23
INSERT INTO Empl_Referrals VALUES('EMPXREFER1234',1234);
--24
INSERT INTO Empl_Referrals VALUES('EMPXREFER1235',1235);
--25
INSERT INTO Empl_Referrals VALUES('EMPXREFER1236',1236);
--26
INSERT INTO Empl_Referrals VALUES('EMPXREFER1237',1237);
--27
INSERT INTO Empl_Referrals VALUES('EMPXREFER1238',1238);
--28
INSERT INTO Empl_Referrals VALUES('EMPXREFER1239',1239);
--29
INSERT INTO Empl_Referrals VALUES('EMPXREFER1245',1245);
--30
INSERT INTO Empl_Referrals VALUES('EMPXREFER1287',1287);
--31
INSERT INTO Empl_Referrals VALUES('EMPXREFER1331',1331);
--32
INSERT INTO Empl_Referrals VALUES('EMPXREFER1332',1332);
--33
INSERT INTO Empl_Referrals VALUES('EMPXREFER1334',1334);
--34
INSERT INTO Empl_Referrals VALUES('EMPXREFER1335',1335);
--35
INSERT INTO Empl_Referrals VALUES('EMPXREFER1336',1336);
--36
INSERT INTO Empl_Referrals VALUES('EMPXREFER1337',1337);
--37
INSERT INTO Empl_Referrals VALUES('EMPXREFER1338',1338);
--38
INSERT INTO Empl_Referrals VALUES('EMPXREFER1339',1339);
--39
INSERT INTO Empl_Referrals VALUES('EMPXREFER1440',1440);
--40
INSERT INTO Empl_Referrals VALUES('EMPXREFER1556',1556);


--INSERTING DATA INTO Flights TABLE
--1
INSERT INTO Flights
VALUES('AA112',TO_DATE('02-01-2023', 'dd-MM-yyyy'),TO_DATE('03-01-2023', 'dd-MM-yyyy'),'Los Angeles','New York',2475,1210,'POINTXACC1210','EMPXINCEN1210','EMPXREFER1210',30,50);
--2
INSERT INTO Flights
VALUES('UA123',TO_DATE('01-03-2023', 'dd-MM-yyyy'),TO_DATE('02-03-2023', 'dd-MM-yyyy'),'San Francisco','Singapore',8446,1211,'POINTXACC1211','EMPXINCEN1211','EMPXREFER1211',15,30);
--3
INSERT INTO Flights
VALUES('EK201',TO_DATE('04-01-2023', 'dd-MM-yyyy'),TO_DATE('05-01-2023', 'dd-MM-yyyy'),'Dubai','New York',6482,1212,'POINTXACC1212','EMPXINCEN1212','EMPXREFER1212',15,20);
--4
INSERT INTO Flights
VALUES('B6923',TO_DATE('02-02-2023', 'dd-MM-yyyy'),TO_DATE('03-02-2023', 'dd-MM-yyyy'),'Boston','Orlando',1050,1213,'POINTXACC1213','EMPXINCEN1213','EMPXREFER1213',10,10);
--5
INSERT INTO Flights
VALUES('AC874',TO_DATE('21-02-2023', 'dd-MM-yyyy'),TO_DATE('22-02-2023', 'dd-MM-yyyy'),'Toronto','Vancouver',2095,1215,'POINTXACC1215','EMPXINCEN1215','EMPXREFER1215',40,25);
--6
INSERT INTO Flights
VALUES('QR779',TO_DATE('02-03-2023', 'dd-MM-yyyy'),TO_DATE('03-03-2023', 'dd-MM-yyyy'),'Doha','Berlin',2907,1556,'POINTXACC1556','EMPXINCEN1556','EMPXREFER1556',10,20);
--7
INSERT INTO Flights
VALUES('DL112',TO_DATE('06-03-2023', 'dd-MM-yyyy'),TO_DATE('07-03-2023', 'dd-MM-yyyy'),'New York','Berlin',3846,1440,'POINTXACC1440','EMPXINCEN1440','EMPXREFER1440',5,40);
--8
INSERT INTO Flights
VALUES('AC864',TO_DATE('04-03-2023', 'dd-MM-yyyy'),TO_DATE('04-01-2022', 'dd-MM-yyyy'),'Toronto','Berlin',3793,1339,'POINTXACC1339','EMPXINCEN1339','EMPXREFER1339',2,10);
--9
INSERT INTO Flights
VALUES('TK172',TO_DATE('14-03-2023', 'dd-MM-yyyy'),TO_DATE('15-03-2023', 'dd-MM-yyyy'),'Istanbul','Berlin',1448,1338,'POINTXACC1338','EMPXINCEN1338','EMPXREFER1338',10,20);
--10
INSERT INTO Flights
VALUES('DY7036',TO_DATE('12-03-2023', 'dd-MM-yyyy'),TO_DATE('13-03-2023', 'dd-MM-yyyy'),'Lauderdale','Berlin',4623,1337,'POINTXACC1337','EMPXINCEN1337','EMPXREFER1337',15,20);
--11
INSERT INTO Flights
VALUES('NH106',TO_DATE('13-01-2023', 'dd-MM-yyyy'),TO_DATE('13-01-2023', 'dd-MM-yyyy'),'Tokyo','Honolulu',3860,1230,'POINTXACC1230','EMPXINCEN1230','EMPXREFER1230',15,25);
--12
INSERT INTO Flights
VALUES('JL619',TO_DATE('11-02-2023', 'dd-MM-yyyy'),TO_DATE('11-02-2023', 'dd-MM-yyyy'),'Tokyo','Angeles',5471,1229,'POINTXACC1229','EMPXINCEN1229','EMPXREFER1229',25,15);
--13
INSERT INTO Flights
VALUES('EY117',TO_DATE('19-01-2023', 'dd-MM-yyyy'),TO_DATE('19-01-2022', 'dd-MM-yyyy'),'Abu Dhabi','New York',6846,1228,'POINTXACC1228','EMPXINCEN1228','EMPXREFER1228',15,60);
--14
INSERT INTO Flights
VALUES('TK612',TO_DATE('24-02-2023', 'dd-MM-yyyy'),TO_DATE('24-02-2022', 'dd-MM-yyyy'),'Istanbul','New York',4968,1227,'POINTXACC1227','EMPXINCEN1227','EMPXREFER1227',20,40);
--15
INSERT INTO Flights
VALUES('KL644',TO_DATE('31-03-2023', 'dd-MM-yyyy'),TO_DATE('31-03-2023', 'dd-MM-yyyy'),'Amsterdam','New York',3596,1226,'POINTXACC1226','EMPXINCEN1226','EMPXREFER1226',5,5);
--16
INSERT INTO Flights
VALUES('QF108',TO_DATE('02-01-2022', 'dd-MM-yyyy'),TO_DATE('24-08-2022', 'dd-MM-yyyy'),'Sydney','Los Angeles',7494,1210,'POINTXACC1210','EMPXINCEN1210','EMPXREFER1210',30,50);
--17
INSERT INTO Flights
VALUES('LH452',TO_DATE('01-03-2023', 'dd-MM-yyyy'),TO_DATE('18-12-2022', 'dd-MM-yyyy'),'Frankfurt','New York',4000,1211,'POINTXACC1211','EMPXINCEN1211','EMPXREFER1211',15,30);
--18
INSERT INTO Flights
VALUES('AF568',TO_DATE('14-03-2022', 'dd-MM-yyyy'),TO_DATE('15-03-2022', 'dd-MM-yyyy'),'Paris','Berlin',6700,1338,'POINTXACC1338','EMPXINCEN1338','EMPXREFER1338',10,20);
--19
INSERT INTO Flights
VALUES('SQ136',TO_DATE('12-03-2021', 'dd-MM-yyyy'),TO_DATE('13-03-2021', 'dd-MM-yyyy'),'San Francisco','Hong Kong',6960,1337,'POINTXACC1337','EMPXINCEN1337','EMPXREFER1337',15,20);
--20
INSERT INTO Flights
VALUES('CX689',TO_DATE('31-03-2022', 'dd-MM-yyyy'),TO_DATE('11-03-2022', 'dd-MM-yyyy'),'Hong Kong','Vancouver',6327,1226,'POINTXACC1226','EMPXINCEN1226','EMPXREFER1226',5,5);
--21
INSERT INTO Flights
VALUES('SD567',TO_DATE('02-01-2022', 'dd-MM-yyyy'),TO_DATE('03-01-2022', 'dd-MM-yyyy'),'Sydney','Los Angeles',7494,1556,'POINTXACC1556','EMPXINCEN1556','EMPXREFER1556',30,50);
--22
INSERT INTO Flights
VALUES('FT542',TO_DATE('01-03-2023', 'dd-MM-yyyy'),TO_DATE('02-03-2022', 'dd-MM-yyyy'),'Frankfurt','New York',4000,1216,'POINTXACC1216','EMPXINCEN1216','EMPXREFER1216',15,30);
--23
INSERT INTO Flights
VALUES('PA368',TO_DATE('14-03-2022', 'dd-MM-yyyy'),TO_DATE('15-03-2022', 'dd-MM-yyyy'),'Paris','Berlin',6700,1217,'POINTXACC1217','EMPXINCEN1217','EMPXREFER1217',10,20);
--24
INSERT INTO Flights
VALUES('SF336',TO_DATE('12-03-2021', 'dd-MM-yyyy'),TO_DATE('13-03-2021', 'dd-MM-yyyy'),'San Francisco','Hong Kong',6960,1218,'POINTXACC1218','EMPXINCEN1218','EMPXREFER1218',15,20);
--25
INSERT INTO Flights
VALUES('HU889',TO_DATE('31-03-2022', 'dd-MM-yyyy'),TO_DATE('12-04-2022', 'dd-MM-yyyy'),'Hong Kong','Vancouver',6327,1219,'POINTXACC1219','EMPXINCEN1219','EMPXREFER1219',5,5);
--26
INSERT INTO Flights
VALUES('IW149',TO_DATE('18-01-2023', 'dd-MM-yyyy'),TO_DATE('18-01-2023', 'dd-MM-yyyy'),'New Delhi','Riyadh',3335,1210,'POINTXACC1210','EMPXINCEN1210','EMPXREFER1210',10,15);
--27
INSERT INTO Flights
VALUES('RY149',TO_DATE('19-01-2023', 'dd-MM-yyyy'),TO_DATE('19-01-2023', 'dd-MM-yyyy'),'Riyadh','Washington',6737,1210,'POINTXACC1210','EMPXINCEN1210','EMPXREFER1210',10,15);
--28
INSERT INTO Flights
VALUES('IW148',TO_DATE('18-01-2023', 'dd-MM-yyyy'),TO_DATE('18-01-2023', 'dd-MM-yyyy'),'New Delhi','Riyadh',3335,1337,'POINTXACC1337','EMPXINCEN1337','EMPXREFER1337',10,15);
--29
INSERT INTO Flights
VALUES('RY148',TO_DATE('19-01-2023', 'dd-MM-yyyy'),TO_DATE('19-01-2023', 'dd-MM-yyyy'),'Riyadh','Washington',6737,1337,'POINTXACC1337','EMPXINCEN1337','EMPXREFER1337',10,15);
--30
INSERT INTO Flights
VALUES('IW146',TO_DATE('18-01-2023', 'dd-MM-yyyy'),TO_DATE('18-01-2023', 'dd-MM-yyyy'),'New Delhi','Riyadh',3335,1226,'POINTXACC1226','EMPXINCEN1226','EMPXREFER1226',20,15);
--31
INSERT INTO Flights
VALUES('RY196',TO_DATE('19-01-2023', 'dd-MM-yyyy'),TO_DATE('19-01-2023', 'dd-MM-yyyy'),'Riyadh','Washington',6737,1226,'POINTXACC1226','EMPXINCEN1226','EMPXREFER1226',20,15);
--32
INSERT INTO Flights
VALUES('IW120',TO_DATE('18-01-2023', 'dd-MM-yyyy'),TO_DATE('18-01-2023', 'dd-MM-yyyy'),'New Delhi','Riyadh',3335,1338,'POINTXACC1338','EMPXINCEN1338','EMPXREFER1338',30,15);
--33
INSERT INTO Flights
VALUES('RY164',TO_DATE('19-01-2023', 'dd-MM-yyyy'),TO_DATE('19-01-2023', 'dd-MM-yyyy'),'Riyadh','Washington',6737,1338,'POINTXACC1338','EMPXINCEN1338','EMPXREFER1338',30,15);

--INSERTING DATA INTO Trips TABLE
--1
INSERT INTO Trips
VALUES('TRAVEL120',TO_DATE('02-01-2023', 'dd-MM-yyyy'),TO_DATE('03-01-2023', 'dd-MM-yyyy'),'Los Angeles','New York',2475);
--2
INSERT INTO Trips
VALUES('TRAVEL124',TO_DATE('01-03-2023', 'dd-MM-yyyy'),TO_DATE('02-03-2023', 'dd-MM-yyyy'),'San Francisco','Singapore',8446);
--3
INSERT INTO Trips
VALUES('TRAVEL128',TO_DATE('04-01-2023', 'dd-MM-yyyy'),TO_DATE('05-01-2023', 'dd-MM-yyyy'),'Dubai','New York',6482);
--4
INSERT INTO Trips
VALUES('TRAVEL200',TO_DATE('02-02-2023', 'dd-MM-yyyy'),TO_DATE('03-02-2023', 'dd-MM-yyyy'),'Boston','Orlando',1050);
--5
INSERT INTO Trips
VALUES('TRAVEL240',TO_DATE('21-02-2023', 'dd-MM-yyyy'),TO_DATE('22-02-2023', 'dd-MM-yyyy'),'Toronto','Vancouver',2095);
--6
INSERT INTO Trips
VALUES('TRAVEL300',TO_DATE('02-03-2023', 'dd-MM-yyyy'),TO_DATE('03-03-2023', 'dd-MM-yyyy'),'Doha','Berlin',2907);
--7
INSERT INTO Trips
VALUES('TRAVEL490',TO_DATE('06-03-2023', 'dd-MM-yyyy'),TO_DATE('07-03-2023', 'dd-MM-yyyy'),'New York','Berlin',3846);
--8
INSERT INTO Trips
VALUES('TRAVEL687',TO_DATE('04-03-2023', 'dd-MM-yyyy'),TO_DATE('04-01-2022', 'dd-MM-yyyy'),'Toronto','Berlin',3793);
--9
INSERT INTO Trips
VALUES('TRAVEL234',TO_DATE('14-03-2023', 'dd-MM-yyyy'),TO_DATE('15-03-2023', 'dd-MM-yyyy'),'Istanbul','Berlin',1600);
--10
INSERT INTO Trips
VALUES('TRAVEL121',TO_DATE('12-03-2023', 'dd-MM-yyyy'),TO_DATE('13-03-2023', 'dd-MM-yyyy'),'Lauderdale','Berlin',4623);
--11
INSERT INTO Trips
VALUES('TRAVEL012',TO_DATE('13-01-2023', 'dd-MM-yyyy'),TO_DATE('13-01-2023', 'dd-MM-yyyy'),'Tokyo','Honolulu',3860);
--12
INSERT INTO Trips
VALUES('TRAVEL098',TO_DATE('11-02-2023', 'dd-MM-yyyy'),TO_DATE('11-02-2023', 'dd-MM-yyyy'),'Tokyo','Angeles',5471);
--13
INSERT INTO Trips
VALUES('TRAVEL876',TO_DATE('19-01-2023', 'dd-MM-yyyy'),TO_DATE('19-01-2022', 'dd-MM-yyyy'),'Abu Dhabi','New York',6846);
--14
INSERT INTO Trips
VALUES('TRAVEL253',TO_DATE('24-02-2023', 'dd-MM-yyyy'),TO_DATE('24-02-2022', 'dd-MM-yyyy'),'Istanbul','New York',4968);
--15
INSERT INTO Trips
VALUES('TRAVEL956',TO_DATE('31-03-2023', 'dd-MM-yyyy'),TO_DATE('31-03-2023', 'dd-MM-yyyy'),'Amsterdam','New York',3596);
--16
INSERT INTO Trips
VALUES('TRAVEL278',TO_DATE('02-01-2022', 'dd-MM-yyyy'),TO_DATE('03-01-2022', 'dd-MM-yyyy'),'Sydney','Los Angeles',7494);
--17
INSERT INTO Trips
VALUES('TRAVEL765',TO_DATE('01-03-2023', 'dd-MM-yyyy'),TO_DATE('02-03-2022', 'dd-MM-yyyy'),'Frankfurt','New York',4000);
--18
INSERT INTO Trips
VALUES('TRAVEL133',TO_DATE('14-03-2022', 'dd-MM-yyyy'),TO_DATE('15-03-2022', 'dd-MM-yyyy'),'Paris','Berlin',6700);
--19
INSERT INTO Trips
VALUES('TRAVEL675',TO_DATE('12-03-2021', 'dd-MM-yyyy'),TO_DATE('13-03-2021', 'dd-MM-yyyy'),'San Francisco','Hong Kong',6960);
--20
INSERT INTO Trips
VALUES('TRAVEL890',TO_DATE('31-03-2022', 'dd-MM-yyyy'),TO_DATE('31-03-2022', 'dd-MM-yyyy'),'Hong Kong','Vancouver',6327);
--21
INSERT INTO Trips
VALUES('TRAVEL139',TO_DATE('02-01-2022', 'dd-MM-yyyy'),TO_DATE('03-01-2022', 'dd-MM-yyyy'),'Sydney','Los Angeles',7494);
--22
INSERT INTO Trips
VALUES('TRAVEL893',TO_DATE('01-03-2023', 'dd-MM-yyyy'),TO_DATE('02-03-2022', 'dd-MM-yyyy'),'Frankfurt','New York',4000);
--23
INSERT INTO Trips
VALUES('TRAVEL209',TO_DATE('14-03-2022', 'dd-MM-yyyy'),TO_DATE('15-03-2022', 'dd-MM-yyyy'),'Paris','Berlin',6700);
--24
INSERT INTO Trips
VALUES('TRAVEL197',TO_DATE('12-03-2021', 'dd-MM-yyyy'),TO_DATE('13-03-2021', 'dd-MM-yyyy'),'San Francisco','Hong Kong',6960);
--25
INSERT INTO Trips
VALUES('TRAVEL561',TO_DATE('31-03-2022', 'dd-MM-yyyy'),TO_DATE('31-03-2022', 'dd-MM-yyyy'),'Hong Kong','Vancouver',6327);
--26
INSERT INTO Trips
VALUES('TRAVEL1670',TO_DATE('18-01-2023', 'dd-MM-yyyy'),TO_DATE('19-01-2023', 'dd-MM-yyyy'),'New Delhi','Washington',10027);
--27
INSERT INTO Trips
VALUES('TRAVEL2345',TO_DATE('18-09-2021', 'dd-MM-yyyy'),TO_DATE('19-09-2021', 'dd-MM-yyyy'),'San Francisco','Vancouver',13027);
--28
INSERT INTO Trips
VALUES('TRAVEL1356',TO_DATE('14-06-2020', 'dd-MM-yyyy'),TO_DATE('14-06-2020', 'dd-MM-yyyy'),'Cincinnati','Berlin',12089);
--29
INSERT INTO Trips
VALUES('TRAVEL1367',TO_DATE('21-01-2022', 'dd-MM-yyyy'),TO_DATE('22-01-2022', 'dd-MM-yyyy'),'Toronto','Washington',9827);
--30
INSERT INTO Trips
VALUES('TRAVEL2569',TO_DATE('18-04-2021', 'dd-MM-yyyy'),TO_DATE('19-04-2021', 'dd-MM-yyyy'),'Mumbai','Paris',16000);

--Flights_Trips INSERTIONS
--1
INSERT INTO Flights_Trips VALUES('AA112','TRAVEL120');
--2
INSERT INTO Flights_Trips VALUES('UA123','TRAVEL124');
--3
INSERT INTO Flights_Trips VALUES('EK201','TRAVEL128');
--4
INSERT INTO Flights_Trips VALUES('B6923','TRAVEL200');
--5
INSERT INTO Flights_Trips VALUES('AC874','TRAVEL240');
--6
INSERT INTO Flights_Trips VALUES('QR779','TRAVEL300');
--7
INSERT INTO Flights_Trips VALUES('DL112','TRAVEL490');
--8
INSERT INTO Flights_Trips VALUES('AC864','TRAVEL687');
--9
INSERT INTO Flights_Trips VALUES('TK172','TRAVEL234');
--10
INSERT INTO Flights_Trips VALUES('DY7036','TRAVEL121');
--11
INSERT INTO Flights_Trips VALUES('NH106','TRAVEL012');
--12
INSERT INTO Flights_Trips VALUES('JL619','TRAVEL098');
--13
INSERT INTO Flights_Trips VALUES('EY117','TRAVEL876');
--14
INSERT INTO Flights_Trips VALUES('TK612','TRAVEL253');
--15
INSERT INTO Flights_Trips VALUES('KL644','TRAVEL956');
--16
INSERT INTO Flights_Trips VALUES('QF108','TRAVEL278');
--17
INSERT INTO Flights_Trips VALUES('LH452','TRAVEL765');
--18
INSERT INTO Flights_Trips VALUES('AF568','TRAVEL133');
--19
INSERT INTO Flights_Trips VALUES('SQ136','TRAVEL675');
--20
INSERT INTO Flights_Trips VALUES('CX689','TRAVEL890');
--21
INSERT INTO Flights_Trips VALUES('AA112','TRAVEL890');
--22
INSERT INTO Flights_Trips VALUES('UA123','TRAVEL675');
--23
INSERT INTO Flights_Trips VALUES('EK201','TRAVEL133');
--24
INSERT INTO Flights_Trips VALUES('B6923','TRAVEL765');
--25
INSERT INTO Flights_Trips VALUES('AC874','TRAVEL278');
--26
INSERT INTO Flights_Trips VALUES('QR779','TRAVEL956');
--27
INSERT INTO Flights_Trips VALUES('DL112','TRAVEL253');
--28
INSERT INTO Flights_Trips VALUES('AC864','TRAVEL876');
--29
INSERT INTO Flights_Trips VALUES('TK172','TRAVEL098');
--30
INSERT INTO Flights_Trips VALUES('DY7036','TRAVEL012');
--31
INSERT INTO Flights_Trips VALUES('IW149','TRAVEL1670');
--32
INSERT INTO Flights_Trips VALUES('RY149','TRAVEL1670');
--33
INSERT INTO Flights_Trips VALUES('IW148','TRAVEL1670');
--34
INSERT INTO Flights_Trips VALUES('RY148','TRAVEL1670');
--35
INSERT INTO Flights_Trips VALUES('IW146','TRAVEL1670');
--36
INSERT INTO Flights_Trips VALUES('RY196','TRAVEL1670');
--37
INSERT INTO Flights_Trips VALUES('IW120','TRAVEL1670');
--38
INSERT INTO Flights_Trips VALUES('RY164','TRAVEL1670');


--INSERTING DATA INTO Flights_Promotions TABLE
--1
INSERT INTO Flights_Promotions VALUES('IW148','P111');
--2
INSERT INTO Flights_Promotions VALUES('RY164','P113');
--3
INSERT INTO Flights_Promotions VALUES('SF336','P114');
--4
INSERT INTO Flights_Promotions VALUES('PA368','P120');
--5
INSERT INTO Flights_Promotions VALUES('FT542','P111');
--6
INSERT INTO Flights_Promotions VALUES('SD567','P111');
--7
INSERT INTO Flights_Promotions VALUES('SD567','P112');
--8
INSERT INTO Flights_Promotions VALUES('SD567','P115');
--9
INSERT INTO Flights_Promotions VALUES('SD567','P119');
--10
INSERT INTO Flights_Promotions VALUES('CX689','P120');
--11
INSERT INTO Flights_Promotions VALUES('SQ136','P120');
--12
INSERT INTO Flights_Promotions VALUES('AF568','P120');
--13
INSERT INTO Flights_Promotions VALUES('LH452','P120');
--14
INSERT INTO Flights_Promotions VALUES('QF108','P119');
--15
INSERT INTO Flights_Promotions VALUES('QF108','P117');


--INSERTING DATA INTO Redemption_History TABLE
--1
INSERT INTO Redemption_History VALUES(1210,1011,TO_DATE('31-03-2023', 'dd-MM-yyyy'),1,'POINTXACC1210',1001);
--2
INSERT INTO Redemption_History VALUES(1211,1012,TO_DATE('01-04-2023', 'dd-MM-yyyy'),1,'POINTXACC1211',1002);
--3
INSERT INTO Redemption_History VALUES(1212,1013,TO_DATE('31-03-2021', 'dd-MM-yyyy'),1,'POINTXACC1212',1001);
--4
INSERT INTO Redemption_History VALUES(1213,1014,TO_DATE('26-02-2021', 'dd-MM-yyyy'),1,'POINTXACC1213',1004);
--5
INSERT INTO Redemption_History VALUES(1214,1014,TO_DATE('31-03-2023', 'dd-MM-yyyy'),1,'POINTXACC1214',1003);
--6
INSERT INTO Redemption_History VALUES(1215,1014,TO_DATE('28-02-2023', 'dd-MM-yyyy'),1,'POINTXACC1215',1004);
--7
INSERT INTO Redemption_History VALUES(1216,1014,TO_DATE('21-03-2023', 'dd-MM-yyyy'),1,'POINTXACC1216',1002);
--8
INSERT INTO Redemption_History VALUES(1217,1012,TO_DATE('11-03-2023', 'dd-MM-yyyy'),1,'POINTXACC1217',1003);
--9
INSERT INTO Redemption_History VALUES(1218,1015,TO_DATE('01-03-2023', 'dd-MM-yyyy'),1,'POINTXACC1218',1005);
--10
INSERT INTO Redemption_History VALUES(1219,1016,TO_DATE('13-06-2022', 'dd-MM-yyyy'),1,'POINTXACC1219',1002);
--11
INSERT INTO Redemption_History VALUES(1220,1017,TO_DATE('18-08-2019', 'dd-MM-yyyy'),1,'POINTXACC1220',1004);
--12
INSERT INTO Redemption_History VALUES(1221,1017,TO_DATE('11-07-2019', 'dd-MM-yyyy'),1,'POINTXACC1221',1001);
--13
INSERT INTO Redemption_History VALUES(1222,1025,TO_DATE('31-03-2023', 'dd-MM-yyyy'),1,'POINTXACC1222',1001);
--14
INSERT INTO Redemption_History VALUES(1210,1024,TO_DATE('23-04-2020', 'dd-MM-yyyy'),1,'POINTXACC1210',1002);
--15
INSERT INTO Redemption_History VALUES(1224,1023,TO_DATE('01-09-2020', 'dd-MM-yyyy'),1,'POINTXACC1224',1003);
--16
INSERT INTO Redemption_History VALUES(1225,1011,TO_DATE('02-12-2020', 'dd-MM-yyyy'),1,'POINTXACC1225',1004);
--17
INSERT INTO Redemption_History VALUES(1210,1016,TO_DATE('31-03-2023', 'dd-MM-yyyy'),1,'POINTXACC1210',1005);
--18
INSERT INTO Redemption_History VALUES(1227,1013,TO_DATE('30-04-2022', 'dd-MM-yyyy'),4,'POINTXACC1227',1003);
--19
INSERT INTO Redemption_History VALUES(1228,1019,TO_DATE('05-05-2022', 'dd-MM-yyyy'),1,'POINTXACC1228',1002);
--20
INSERT INTO Redemption_History VALUES(1229,1017,TO_DATE('05-11-2021', 'dd-MM-yyyy'),1,'POINTXACC1229',1001);
--21
INSERT INTO Redemption_History VALUES(1230,1018,TO_DATE('29-12-2020', 'dd-MM-yyyy'),1,'POINTXACC1230',1003);
--22
INSERT INTO Redemption_History VALUES(1210,1012,TO_DATE('28-11-2022', 'dd-MM-yyyy'),1,'POINTXACC1210',1001);
--23
INSERT INTO Redemption_History VALUES(1211,1012,TO_DATE('31-03-2023', 'dd-MM-yyyy'),1,'POINTXACC1211',1001);
--24
INSERT INTO Redemption_History VALUES(1212,1012,TO_DATE('12-12-2021', 'dd-MM-yyyy'),1,'POINTXACC1212',1002);
--25
INSERT INTO Redemption_History VALUES(1213,1011,TO_DATE('14-04-2021', 'dd-MM-yyyy'),1,'POINTXACC1213',1001);
--26
INSERT INTO Redemption_History VALUES(1211,1011,TO_DATE('11-08-2020', 'dd-MM-yyyy'),1,'POINTXACC1211',1001);
--27
INSERT INTO Redemption_History VALUES(1211,1011,TO_DATE('21-03-2019', 'dd-MM-yyyy'),1,'POINTXACC1211',1005);
--28
INSERT INTO Redemption_History VALUES(1229,1011,TO_DATE('23-12-2022', 'dd-MM-yyyy'),3,'POINTXACC1229',1004);
--29
INSERT INTO Redemption_History VALUES(1230,1011,TO_DATE('31-03-2023', 'dd-MM-yyyy'),2,'POINTXACC1230',1002);
--30
INSERT INTO Redemption_History VALUES(1230,1011,TO_DATE('31-03-2023', 'dd-MM-yyyy'),1,'POINTXACC1230',1003);



